molecule_chembl_id,canonical_smiles,bioactivity_class,MW,LogP,NumHDonors,NumHAcceptors,pIC50
CHEMBL288441,COc1cc(Nc2c(C#N)cnc3cc(OCCCN4CCN(C)CC4)c(OC)cc23)c(Cl)cc1Cl,active,530.4560000000004,5.190380000000005,1.0,8.0,7.698970004336019
CHEMBL386051,CSc1cccc(Nc2ncc3cc(-c4c(Cl)cccc4Cl)c(=O)n(C)c3n2)c1,active,443.3590000000001,5.767800000000003,1.0,6.0,8.698970004336019
CHEMBL364623,Cc1cc(Nc2ncc(C(=O)Nc3c(C)cccc3Cl)s2)nc(C)n1,active,373.8690000000001,4.507660000000002,2.0,6.0,8.522878745280337
CHEMBL5416410,Cc1nc(Nc2ncc(C(=O)Nc3c(C)cccc3Cl)s2)cc(N2CCN(CCO)CC2)n1.O,active,506.0320000000004,2.4888400000000006,3.0,9.0,9.0
CHEMBL5416410,Cc1nc(Nc2ncc(C(=O)Nc3c(C)cccc3Cl)s2)cc(N2CCN(CCO)CC2)n1.O,active,506.0320000000004,2.4888400000000006,3.0,9.0,9.0
CHEMBL5416410,Cc1nc(Nc2ncc(C(=O)Nc3c(C)cccc3Cl)s2)cc(N2CCN(CCO)CC2)n1.O,active,506.0320000000004,2.4888400000000006,3.0,9.0,9.096910013008056
CHEMBL941,Cc1ccc(NC(=O)c2ccc(CN3CCN(C)CC3)cc2)cc1Nc1nccc(-c2cccnc2)n1,active,493.6150000000002,4.590320000000004,2.0,7.0,8.958607314841775
CHEMBL1077317,Cc1cn(-c2cc(NC(=O)c3ccc(C)c(/C=C/N4CNc5c(NC6CC6)ncnc54)c3)cc(C(F)(F)F)c2)cn1,active,560.5840000000002,5.984840000000005,3.0,8.0,8.096910013008056
CHEMBL1081312,Nc1ncnc2c1c(-c1cnc3[nH]ccc3c1)nn2C1CCCC1,active,319.3720000000002,3.0669000000000013,2.0,6.0,7.7447274948966935
CHEMBL483847,NC(=O)c1cccc(-c2cc(Nc3ccc(OC(F)(F)F)cc3)ncn2)c1,intermediate,374.322,3.8847000000000023,2.0,5.0,6.573488738635425
CHEMBL941,Cc1ccc(NC(=O)c2ccc(CN3CCN(C)CC3)cc2)cc1Nc1nccc(-c2cccnc2)n1,intermediate,493.6150000000002,4.590320000000004,2.0,7.0,6.690369832574102
CHEMBL941,Cc1ccc(NC(=O)c2ccc(CN3CCN(C)CC3)cc2)cc1Nc1nccc(-c2cccnc2)n1,intermediate,493.6150000000002,4.590320000000004,2.0,7.0,6.325138859262188
CHEMBL941,Cc1ccc(NC(=O)c2ccc(CN3CCN(C)CC3)cc2)cc1Nc1nccc(-c2cccnc2)n1,intermediate,493.6150000000002,4.590320000000004,2.0,7.0,6.655607726314889
CHEMBL255863,Cc1cn(-c2cc(NC(=O)c3ccc(C)c(Nc4nccc(-c5cccnc5)n4)c3)cc(C(F)(F)F)c2)cn1,active,529.5260000000001,6.355840000000005,2.0,7.0,7.376750709602099
CHEMBL255863,Cc1cn(-c2cc(NC(=O)c3ccc(C)c(Nc4nccc(-c5cccnc5)n4)c3)cc(C(F)(F)F)c2)cn1,active,529.5260000000001,6.355840000000005,2.0,7.0,7.698970004336019
CHEMBL941,Cc1ccc(NC(=O)c2ccc(CN3CCN(C)CC3)cc2)cc1Nc1nccc(-c2cccnc2)n1,intermediate,493.6150000000002,4.590320000000004,2.0,7.0,6.510041520575165
CHEMBL255863,Cc1cn(-c2cc(NC(=O)c3ccc(C)c(Nc4nccc(-c5cccnc5)n4)c3)cc(C(F)(F)F)c2)cn1,active,529.5260000000001,6.355840000000005,2.0,7.0,7.405607449624573
CHEMBL1760363,Cc1cn(-c2cc(NC(=O)c3ccc(C)c(Nc4nc(-c5cccnc5)cs4)c3)cc(C(F)(F)F)c2)cn1,intermediate,534.5670000000001,7.022340000000004,2.0,7.0,6.1732774798310075
CHEMBL1760364,Cc1ccc(C(=O)Nc2cc(-n3ccnc3)cc(C(F)(F)F)c2)cc1Nc1nc(-c2cccnc2)cs1,intermediate,520.5400000000001,6.713920000000004,2.0,7.0,6.2949920406666635
CHEMBL1760365,Cc1ncn(-c2cc(NC(=O)c3ccc(C)c(Nc4nc(-c5cccnc5)cs4)c3)cc(C(F)(F)F)c2)n1,intermediate,535.5550000000001,6.417340000000003,2.0,8.0,6.318758762624412
CHEMBL1760366,Cc1ccc(C(=O)Nc2cc(-c3cnn(C)c3)cc(C(F)(F)F)c2)cc1Nc1nc(-c2cccnc2)cs1,intermediate,534.5670000000001,6.928720000000005,2.0,7.0,6.308918507877031
CHEMBL1760367,Cc1ccc(C(=O)Nc2cc(-c3cn(C)nn3)cc(C(F)(F)F)c2)cc1Nc1nc(-c2cccnc2)cs1,intermediate,535.5550000000001,6.323720000000003,2.0,8.0,6.557520230935552
CHEMBL1760368,Cc1ccc(C(=O)Nc2cccc(C(F)(F)F)c2)cc1Nc1nc(-c2cccnc2)cs1,inactive,454.4770000000001,6.528220000000004,2.0,5.0,5.0
CHEMBL1760369,Cc1cc(NC(=O)c2ccc(C)c(Nc3nc(-c4cccnc4)cs3)c2)cc(-n2cnc(C)c2)c1,intermediate,480.59700000000015,6.3119600000000045,2.0,7.0,6.111259039317107
CHEMBL1760370,Cc1cn(-c2cc(NC(=O)c3ccc(C)c(Nc4nc(-c5cccnc5)cs4)c3)cc(C(C)C)c2)cn1,intermediate,508.6510000000002,7.126940000000006,2.0,7.0,6.752026733638194
CHEMBL1760371,Cc1cn(-c2cc(NC(=O)c3ccc(C)c(Nc4nc(-c5cccnc5)cs4)c3)cc(C(C)(C)C)c2)cn1,active,522.6780000000002,7.301040000000006,2.0,7.0,7.696803942579511
CHEMBL1760372,Cc1cn(-c2cc(NC(=O)c3ccc(C)c(Nc4nc(-c5cccnc5)cs4)c3)cc(C34CC5CC(CC(C5)C3)C4)c2)cn1,inactive,600.792,8.471340000000003,2.0,7.0,5.698970004336019
CHEMBL1760373,Cc1cn(-c2cc(Cl)cc(NC(=O)c3ccc(C)c(Nc4nc(-c5cccnc5)cs4)c3)c2)cn1,inactive,501.01500000000016,6.656940000000004,2.0,7.0,5.886056647693163
CHEMBL1760374,Cc1cn(-c2cc(NC(=O)c3cccc(Nc4nc(-c5cccnc5)cs4)c3)cc(C(F)(F)F)c2)cn1,inactive,520.5400000000001,6.713920000000003,2.0,7.0,5.422508200162775
CHEMBL1760375,CCc1ccc(C(=O)Nc2cc(-n3cnc(C)c3)cc(C(F)(F)F)c2)cc1Nc1nc(-c2cccnc2)cs1,inactive,548.5940000000002,7.2763200000000055,2.0,7.0,5.258848401148215
CHEMBL1214141,Cc1ccc(Nc2ncc3c(n2)N(C)C(=O)N(c2cc(NC(=O)c4cccc(C(F)(F)F)c4)ccc2C)C3)cn1,active,547.541,6.079540000000005,2.0,6.0,8.903089986991944
CHEMBL2178281,CC(C)c1ccc(C(=O)Nc2ccc(CN3CCN(C)CC3)c(C(F)(F)F)c2)cc1-n1cc(-c2cnc3[nH]ncc3c2)nn1,active,603.653,5.347500000000004,2.0,8.0,7.180456064458132
CHEMBL2178280,CN1CCN(Cc2ccc(NC(=O)c3ccc(C4CC4)c(-n4cc(-c5cnc6[nH]ncc6c5)nn4)c3)cc2C(F)(F)F)CC1,active,601.6370000000002,5.101500000000004,2.0,8.0,7.823908740944319
CHEMBL2178279,CCc1ccc(C(=O)Nc2ccc(CN3CCN(C)CC3)c(C(F)(F)F)c2)cc1-n1cc(-c2cnc3[nH]ncc3c2)nn1,active,589.626,4.786500000000004,2.0,8.0,9.008773924307505
CHEMBL2178278,CN1CCN(Cc2ccc(NC(=O)c3ccc(Br)c(-n4cc(-c5cnc6[nH]ncc6c5)nn4)c3)cc2C(F)(F)F)CC1,active,640.4680000000001,4.986600000000004,2.0,8.0,9.154901959985743
CHEMBL2178277,CN1CCN(Cc2ccc(NC(=O)c3ccc(Cl)c(-n4cc(-c5cnc6[nH]ncc6c5)nn4)c3)cc2C(F)(F)F)CC1,active,596.0170000000002,4.877500000000003,2.0,8.0,9.443697499232712
CHEMBL2178276,CN1CCN(Cc2ccc(NC(=O)c3ccc(F)c(-n4cc(-c5cnc6[nH]ncc6c5)nn4)c3)cc2C(F)(F)F)CC1,active,579.5620000000001,4.363200000000003,2.0,8.0,9.3767507096021
CHEMBL2178275,CN1CCN(Cc2ccc(NC(=O)c3cccc(-n4cc(-c5cnc6[nH]ncc6c5)nn4)c3)cc2C(F)(F)F)CC1,active,561.5720000000001,4.224100000000003,2.0,8.0,8.995678626217357
CHEMBL2178274,Cc1ncn(-c2cc(NC(=O)c3ccc(C)c(-n4cc(-c5cnc6[nH]ncc6c5)nn4)c3)cc(C(F)(F)F)c2)n1,active,544.5010000000001,4.674240000000003,2.0,9.0,8.712198270069774
CHEMBL2178273,Cc1ccc(C(=O)Nc2cc(-n3cncn3)cc(C(F)(F)F)c2)cc1-n1cc(-c2cnc3[nH]ncc3c2)nn1,active,530.474,4.365820000000003,2.0,9.0,8.987162775294827
CHEMBL2178272,Cc1cn(-c2cc(NC(=O)c3ccc(C)c(-n4cc(-c5cnc6[nH]ncc6c5)nn4)c3)cc(C(F)(F)F)c2)cn1,active,543.513,5.279240000000002,2.0,8.0,8.779891911959945
CHEMBL2178271,Cc1ccc(C(=O)Nc2ccc(CN3C[C@H]4CN(C)C[C@H]4C3)c(C(F)(F)F)c2)cc1-n1cc(-c2cnc3[nH]ncc3c2)nn1,active,601.6370000000001,4.778520000000003,2.0,8.0,9.387216143280265
CHEMBL2178270,Cc1ccc(C(=O)Nc2ccc(CN3CCC(N(C)C)CC3)c(C(F)(F)F)c2)cc1-n1cc(-c2cnc3[nH]ncc3c2)nn1,active,603.653,5.311120000000004,2.0,8.0,9.481486060122112
CHEMBL2178269,Cc1ccc(C(=O)Nc2ccc(CN3CCC(N4CCN(C)CC4)CC3)c(C(F)(F)F)c2)cc1-n1cc(-c2cnc3[nH]ncc3c2)nn1,active,658.733,4.996920000000005,2.0,9.0,9.2839966563652
CHEMBL2178268,Cc1ccc(C(=O)Nc2ccc(CN3CCCN(C)CC3)c(C(F)(F)F)c2)cc1-n1cc(-c2cnc3[nH]ncc3c2)nn1,active,589.626,4.922620000000004,2.0,8.0,9.346787486224656
CHEMBL2178267,Cc1ccc(C(=O)Nc2ccc(CN3CCOCC3)c(C(F)(F)F)c2)cc1-n1cc(-c2cnc3[nH]ncc3c2)nn1,active,562.556,4.617320000000003,2.0,8.0,8.847711655616944
CHEMBL2177650,Cc1ccc(C(=O)Nc2ccc(CN3CCCCC3)c(C(F)(F)F)c2)cc1-n1cc(-c2cnc3[nH]ncc3c2)nn1,active,560.584,5.771020000000006,2.0,7.0,8.59176003468815
CHEMBL2177649,Cc1ccc(C(=O)Nc2ccc(CN3CC[C@@H](N(C)C)C3)c(C(F)(F)F)c2)cc1-n1cc(-c2cnc3[nH]ncc3c2)nn1,active,589.626,4.921020000000004,2.0,8.0,9.346787486224656
CHEMBL2177648,Cc1ccc(C(=O)Nc2ccc(CN3CC[C@H](N(C)C)C3)c(C(F)(F)F)c2)cc1-n1cc(-c2cnc3[nH]ncc3c2)nn1,active,589.626,4.921020000000004,2.0,8.0,9.2839966563652
CHEMBL2177647,Cc1ccc(C(=O)Nc2ccc(CN3CCCC3)c(C(F)(F)F)c2)cc1-n1cc(-c2cnc3[nH]ncc3c2)nn1,active,546.557,5.380920000000005,2.0,7.0,9.142667503568731
CHEMBL2177646,Cc1ccc(C(=O)Nc2ccc(CN3CCN(C)CC3)c(C(F)(F)F)c2)cc1-n1cc(-c2cnc3[nH]nc(C)c3c2)nn1,active,589.626,4.840940000000003,2.0,8.0,9.2839966563652
CHEMBL2177645,Cc1ccc(C(=O)Nc2ccc(CN3CCN(C)CC3)c(C(F)(F)F)c2)cc1-n1cc(-c2cnc3[nH]ncc3c2)nn1,active,575.599,4.5325200000000025,2.0,8.0,9.221848749616356
CHEMBL2177644,Cc1ccc(C(=O)Nc2ccc(CN3CCN(C)CC3)c(C(F)(F)F)c2)cc1-n1cc(-c2ccc3[nH]ncc3c2)nn1,active,574.6110000000001,5.137520000000004,2.0,7.0,7.749579997691106
CHEMBL2177643,Cc1ccc(C(=O)Nc2ccc(CN3CCN(C)CC3)c(C(F)(F)F)c2)cc1-n1cc(-c2ccc3[nH]ccc3c2)nn1,intermediate,573.623,5.742520000000005,2.0,6.0,6.519993057042849
CHEMBL2177642,Cc1ccc(C(=O)Nc2ccc(CN3CCN(C)CC3)c(C(F)(F)F)c2)cc1-n1cc(-c2cnc3[nH]ccc3c2)nn1,active,574.6110000000001,5.137520000000004,2.0,7.0,9.161150909262744
CHEMBL2177641,Cc1ccc(C(=O)Nc2ccc(CN3CCN(C)CC3)c(C(F)(F)F)c2)cc1-n1cc(-c2cnc3ncnn3c2)nn1,active,576.587,3.698920000000002,1.0,10.0,7.645891560852599
CHEMBL2177640,Cc1ccc(C(=O)Nc2ccc(CN3CCN(C)CC3)c(C(F)(F)F)c2)cc1-n1cc(-c2cnc(N3CCCCC3)nc2)nn1,inactive,619.6959999999998,5.041520000000004,1.0,9.0,5.78807891569149
CHEMBL2177639,Cc1ccc(C(=O)Nc2ccc(CN3CCN(C)CC3)c(C(F)(F)F)c2)cc1-n1cc(-c2cnc(NCc3ccccc3)nc2)nn1,active,641.7020000000001,5.663320000000005,2.0,9.0,7.718966632752273
CHEMBL2177638,Cc1ccc(C(=O)Nc2ccc(CN3CCN(C)CC3)c(C(F)(F)F)c2)cc1-n1cc(-c2cnc(NC3CCCCC3)nc2)nn1,active,633.7229999999997,5.795820000000005,2.0,9.0,7.892790030352131
CHEMBL2177637,Cc1ccc(C(=O)Nc2ccc(CN3CCN(C)CC3)c(C(F)(F)F)c2)cc1-n1cc(-c2cnc(NC(C)C)nc2)nn1,active,593.658,4.871520000000004,2.0,9.0,8.224753740259764
CHEMBL2177636,Cc1ccc(C(=O)Nc2ccc(CN3CCN(C)CC3)c(C(F)(F)F)c2)cc1-n1cc(-c2cnc(NC3CC3)nc2)nn1,active,591.6419999999999,4.625520000000003,2.0,9.0,8.995678626217357
CHEMBL2177635,CCNc1ncc(-c2cn(-c3cc(C(=O)Nc4ccc(CN5CCN(C)CC5)c(C(F)(F)F)c4)ccc3C)nn2)cn1,active,579.6310000000002,4.483020000000004,2.0,9.0,8.928117992693874
CHEMBL2177634,CNc1ncc(-c2cn(-c3cc(C(=O)Nc4ccc(CN5CCN(C)CC5)c(C(F)(F)F)c4)ccc3C)nn2)cn1,active,565.6040000000002,4.092920000000004,2.0,9.0,9.267606240177031
CHEMBL2177633,Cc1ccc(C(=O)Nc2ccc(CN3CCN(C)CC3)c(C(F)(F)F)c2)cc1-n1cc(-c2cnc(N)nc2)nn1,active,551.5770000000001,3.633420000000001,2.0,9.0,9.10790539730952
CHEMBL2177632,Cc1ccc(C(=O)Nc2ccc(CN3CCN(C)CC3)c(C(F)(F)F)c2)cc1-n1cc(-c2cnc3ccccn23)nn1,active,574.6110000000001,4.908920000000005,1.0,8.0,9.2839966563652
CHEMBL2177631,Cc1ccc(C(=O)Nc2ccc(CN3CCN(C)CC3)c(C(F)(F)F)c2)cc1-n1cc(-c2cnn3cccnc23)nn1,active,575.599,4.303920000000003,1.0,9.0,8.647817481888637
CHEMBL2177630,Cc1ccc(C(=O)Nc2ccc(CN3CCN(C)CC3)c(C(F)(F)F)c2)cc1-n1cc(-c2cnc3ncccn23)nn1,active,575.599,4.303920000000002,1.0,9.0,8.46344155742847
CHEMBL2177629,Cc1ccc(C(=O)Nc2ccc(CN3CCN(C)CC3)c(C(F)(F)F)c2)cc1-n1cc(-c2cnc3cccnn23)nn1,active,575.599,4.303920000000003,1.0,9.0,8.573488738635424
CHEMBL1214141,Cc1ccc(Nc2ncc3c(n2)N(C)C(=O)N(c2cc(NC(=O)c4cccc(C(F)(F)F)c4)ccc2C)C3)cn1,active,547.541,6.079540000000005,2.0,6.0,8.903089986991944
CHEMBL2312185,CNc1nc(C)c(-c2nc(Nc3cccc(N4CCCNCC4)c3)ncc2C#N)s1,inactive,420.54600000000016,3.3652000000000015,3.0,9.0,5.301029995663981
CHEMBL2375890,COc1ccc(C(=O)Nc2cccc(C(F)(F)F)c2)cc1Nc1nccc(-c2cccnc2)n1,inactive,465.4350000000001,5.561900000000004,2.0,6.0,5.384543410452051
CHEMBL2375898,COc1ccc(C(=O)Nc2ccncc2)cc1Nc1nccc(-c2cccnc2)n1,inactive,398.4260000000001,3.938100000000002,2.0,7.0,5.55989416096334
CHEMBL2375975,COc1ccc(C(=O)Nc2ccc(OCCN3CCCCC3)cc2)cc1Nc1nccc(-c2cccnc2)n1,inactive,524.6250000000002,5.407800000000004,2.0,8.0,5.954512724652715
CHEMBL2375974,COc1ccc(C(=O)Nc2ccc(OCCN3CCCC3)cc2)cc1Nc1nccc(-c2cccnc2)n1,intermediate,510.59800000000024,5.017700000000004,2.0,8.0,6.4558326996826825
CHEMBL2375901,COc1ccc(C(=O)Nc2nccs2)cc1Nc1nccc(-c2cccnc2)n1,intermediate,404.45500000000015,3.9996000000000027,2.0,8.0,6.531150714458887
CHEMBL2375976,COc1ccc(C(=O)Nc2ccc(OCCN3CCOCC3)cc2)cc1Nc1nccc(-c2cccnc2)n1,active,526.5970000000002,4.254100000000004,2.0,9.0,7.198527686478529
CHEMBL2375895,COc1ccc(C(=O)Nc2cccc(Cl)c2)cc1Nc1nccc(-c2cccnc2)n1,active,431.88300000000015,5.196500000000003,2.0,6.0,7.458795309316741
CHEMBL2375977,COc1ccc(C(=O)Nc2ccc(OCCCN3CCOCC3)cc2)cc1Nc1nccc(-c2cccnc2)n1,active,540.6240000000003,4.644200000000004,2.0,9.0,8.197910742118268
CHEMBL2375891,COc1ccc(C(=O)Nc2ccc(Br)cc2)cc1Nc1nccc(-c2cccnc2)n1,active,476.3340000000001,5.305600000000003,2.0,6.0,8.319664486585436
CHEMBL2375889,COc1ccc(C(=O)Nc2ccc(F)c(Cl)c2)cc1Nc1nccc(-c2cccnc2)n1,active,449.8730000000001,5.335600000000003,2.0,6.0,8.325138859262188
CHEMBL2375900,COc1ccc(C(=O)Nc2ncccn2)cc1Nc1nccc(-c2cccnc2)n1,active,399.4140000000001,3.333100000000001,2.0,8.0,8.422508200162774
CHEMBL2375892,COc1ccc(C(=O)Nc2cccc(F)c2)cc1Nc1nccc(-c2cccnc2)n1,active,415.4280000000001,4.6822000000000035,2.0,6.0,8.493494967595128
CHEMBL2375972,COc1ccc(C(=O)Nc2ccc(OCCN(C)C)cc2)cc1Nc1nccc(-c2cccnc2)n1,active,484.5600000000001,4.483500000000003,2.0,8.0,8.630784142589857
CHEMBL2375973,CCN(CC)CCOc1ccc(NC(=O)c2ccc(OC)c(Nc3nccc(-c4cccnc4)n3)c2)cc1,active,512.6140000000003,5.2637000000000045,2.0,8.0,8.829738284605043
CHEMBL2375971,COc1ccc(C(=O)Nc2ccc(OCCCN(C)C)cc2)cc1Nc1nccc(-c2cccnc2)n1,active,498.58700000000016,4.873600000000004,2.0,8.0,9.2839966563652
CHEMBL255863,Cc1cn(-c2cc(NC(=O)c3ccc(C)c(Nc4nccc(-c5cccnc5)n4)c3)cc(C(F)(F)F)c2)cn1,active,529.5260000000001,6.355840000000005,2.0,7.0,9.481486060122112
CHEMBL2386595,[2H]C([2H])([2H])N1CCN(Cc2ccc(C(=O)Nc3ccc(C)c(Nc4nccc(-c5cccnc5)n4)c3)cc2)CC1,intermediate,496.6333053340002,4.590320000000003,2.0,7.0,6.166215625343521
CHEMBL2386595,[2H]C([2H])([2H])N1CCN(Cc2ccc(C(=O)Nc3ccc(C)c(Nc4nccc(-c5cccnc5)n4)c3)cc2)CC1,intermediate,496.6333053340002,4.590320000000003,2.0,7.0,6.360513510731414
CHEMBL2386594,CS(=O)(=O)O.Cc1ccc(NC(=O)c2ccc(CN3CCNCC3)cc2)cc1Nc1nccc(-c2cccnc2)n1,intermediate,575.6950000000003,3.7521200000000023,4.0,9.0,6.29073003902417
CHEMBL2386594,CS(=O)(=O)O.Cc1ccc(NC(=O)c2ccc(CN3CCNCC3)cc2)cc1Nc1nccc(-c2cccnc2)n1,inactive,575.6950000000003,3.7521200000000023,4.0,9.0,5.807432546663454
CHEMBL2386594,CS(=O)(=O)O.Cc1ccc(NC(=O)c2ccc(CN3CCNCC3)cc2)cc1Nc1nccc(-c2cccnc2)n1,inactive,575.6950000000003,3.7521200000000023,4.0,9.0,5.651889931519762
CHEMBL941,Cc1ccc(NC(=O)c2ccc(CN3CCN(C)CC3)cc2)cc1Nc1nccc(-c2cccnc2)n1,intermediate,493.6150000000002,4.590320000000004,2.0,7.0,6.7121982700697735
CHEMBL941,Cc1ccc(NC(=O)c2ccc(CN3CCN(C)CC3)cc2)cc1Nc1nccc(-c2cccnc2)n1,intermediate,493.6150000000002,4.590320000000004,2.0,7.0,6.168770306132936
CHEMBL941,Cc1ccc(NC(=O)c2ccc(CN3CCN(C)CC3)cc2)cc1Nc1nccc(-c2cccnc2)n1,intermediate,493.6150000000002,4.590320000000004,2.0,7.0,6.655607726314889
CHEMBL3098614,Cc1ccc(NC(=O)c2ccc(CN3CCN(Cc4ccc(I)cc4)CC3)cc2)cc1Nc1nccc(-c2cccnc2)n1,intermediate,695.6089999999998,6.765320000000006,2.0,7.0,6.131061821667089
CHEMBL3098615,Cc1ccc(NC(=O)c2ccc(CN3CCN(CCO)CC3)cc2)cc1Nc1nccc(-c2cccnc2)n1,inactive,523.6410000000002,3.9528200000000027,3.0,8.0,5.149782758201611
CHEMBL941,Cc1ccc(NC(=O)c2ccc(CN3CCN(C)CC3)cc2)cc1Nc1nccc(-c2cccnc2)n1,intermediate,493.6150000000002,4.590320000000004,2.0,7.0,6.935542010773082
CHEMBL3098616,Cc1ccc(NC(=O)c2ccc(CN3CCN(CCF)CC3)cc2)cc1Nc1nccc(-c2cccnc2)n1,inactive,525.6320000000002,4.930020000000004,2.0,7.0,5.860750782428393
CHEMBL1171837,Cc1ccc(C(=O)Nc2ccc(CN3CCN(C)CC3)c(C(F)(F)F)c2)cc1C#Cc1cnc2cccnn12,active,532.5700000000002,4.456020000000003,1.0,6.0,9.301029995663981
CHEMBL388978,CN[C@@H]1C[C@H]2O[C@@](C)([C@@H]1OC)n1c3ccccc3c3c4c(c5c6ccccc6n2c5c31)C(=O)NC4,intermediate,466.5410000000003,4.354000000000003,2.0,6.0,6.914352711703144
CHEMBL3597702,Cc1ccc(NC(=O)c2ccc(CN3CCN(CCO)CC3)cc2)cc1-n1cc(-c2cccnc2)cn1,intermediate,496.6150000000002,3.6049200000000026,2.0,7.0,6.756218083906205
CHEMBL3597701,CCN1CCN(Cc2ccc(C(=O)Nc3ccc(C)c(-n4cc(-c5cccnc5)cn4)c3)cc2)CC1,active,480.6160000000002,4.632520000000004,1.0,6.0,7.772884917410875
CHEMBL3597700,Cc1ccc(NC(=O)c2ccc(CN3CCCC3)cc2)cc1-n1cc(-c2cccnc2)cn1,intermediate,437.5470000000001,5.090820000000004,1.0,5.0,6.930331903088404
CHEMBL3597615,Cc1ccc(NC(=O)c2ccc(CN3CCCN(C)CC3)cc2)cc1-n1cc(-c2cccnc2)cn1,active,480.61600000000016,4.632520000000004,1.0,6.0,7.575445023393287
CHEMBL3597614,CCN(CC)Cc1ccc(C(=O)Nc2ccc(C)c(-n3cc(-c4cccnc4)cn3)c2)cc1,intermediate,439.5630000000001,5.336820000000005,1.0,5.0,6.88907375773358
CHEMBL3597613,Cc1ccc(NC(=O)c2ccc(Cn3ccnc3)cc2)cc1-n1cc(-c2cccnc2)cn1,intermediate,434.50300000000016,4.739820000000004,1.0,6.0,6.486782399932061
CHEMBL3597612,Cc1ccc(NC(=O)c2ccc(CN3CCOCC3)cc2)cc1-n1cc(-c2cccnc2)cn1,intermediate,453.5460000000001,4.327220000000003,1.0,6.0,6.749579997691106
CHEMBL3597611,Cc1ccc(NC(=O)c2ccc(CN3CCN(C)CC3)cc2)cc1-n1cc(-c2cccnc2)cn1,active,466.58900000000017,4.242420000000004,1.0,6.0,7.295849483160201
CHEMBL3597610,COc1ccc(C(=O)Nc2ccc(C)c(-n3cc(-c4cccnc4)cn3)c2)cc1,active,384.439,4.503620000000003,1.0,5.0,7.335358024443875
CHEMBL3597609,Cc1ccc(NC(=O)c2ccc(C(F)(F)F)cc2)cc1-n1cc(-c2cccnc2)cn1,active,422.4100000000001,5.513820000000004,1.0,4.0,7.363813104801276
CHEMBL3597608,CCc1ccc(C(=O)Nc2ccc(C)c(-n3cc(-c4cccnc4)cn3)c2)cc1,active,382.46700000000004,5.057420000000004,1.0,4.0,7.387004343967653
CHEMBL3597607,Cc1ccc(NC(=O)c2ccc(F)cc2)cc1-n1cc(-c2cccnc2)cn1,intermediate,372.4030000000001,4.634120000000003,1.0,4.0,6.670602120638957
CHEMBL3597606,Cc1ccc(NC(=O)c2cccc(Cl)c2)cc1-n1cc(-c2cccnc2)cn1,active,388.8580000000001,5.148420000000004,1.0,4.0,7.798602875679548
CHEMBL3597605,Cc1ccc(NC(=O)c2cccc(C(F)(F)F)c2)cc1-n1cc(-c2cccnc2)cn1,active,422.4100000000001,5.513820000000004,1.0,4.0,7.847711655616943
CHEMBL3357281,O=C(c1ccc(-c2cc(Nc3cccc(F)c3)ncn2)cc1)N1CCN(C(=O)c2ccccc2F)CC1,active,499.5210000000003,4.763600000000004,1.0,5.0,7.769551078621726
CHEMBL3827178,C[C@@H](Oc1ccc2[nH]nc(-c3nc4cc(N5CCN(C)CC5)ccc4[nH]3)c2c1)c1c(Cl)cncc1Cl,active,522.4400000000002,5.699800000000005,2.0,6.0,7.0
CHEMBL4077561,CCc1ccc(C(=O)Nc2cc(CN3CCN(C)CC3)cc(C(F)(F)F)c2)cc1C#Cc1ccc2ccnn2c1,intermediate,545.6090000000002,5.315000000000005,1.0,5.0,6.382999658879101
CHEMBL4095191,CN1CCN(Cc2cc(NC(=O)c3ccc4c(c3)CN(c3cncnc3)CC4)cc(C(F)(F)F)c2)CC1,inactive,510.5640000000002,4.057800000000004,1.0,6.0,5.0
CHEMBL4066114,C[C@H]1CN(c2cncnc2)Cc2cc(C(=O)Nc3cc(CN4CCN(C)CC4)cc(C(F)(F)F)c3)ccc21,inactive,524.5910000000002,4.618800000000004,1.0,6.0,5.0
CHEMBL4087485,CC1CN(c2cncnc2)Cc2cc(C(=O)Nc3cc(CN4CCN(C)CC4)cc(C(F)(F)F)c3)ccc21,inactive,524.5910000000002,4.618800000000004,1.0,6.0,5.6777807052660805
CHEMBL4103865,CN1CCN(Cc2cc(NC(=O)c3ccc4c(c3)CN(c3ccncn3)CC4)cc(C(F)(F)F)c2)CC1,inactive,510.5640000000002,4.057800000000004,1.0,6.0,5.0
CHEMBL4079610,CN1CCN(Cc2cc(NC(=O)c3ccc4c(c3)CN(Cc3cncnc3)CC4)cc(C(F)(F)F)c2)CC1,inactive,524.5910000000001,4.0534000000000034,1.0,6.0,5.0
CHEMBL4096111,CC1Cc2ccc(C(=O)Nc3cc(CN4CCN(C)CC4)cc(C(F)(F)F)c3)cc2CN1c1cncnc1,inactive,524.5910000000002,4.446300000000004,1.0,6.0,5.0
CHEMBL4068810,CN1CCN(Cc2cc(NC(=O)c3ccc4c(c3)CN(c3cncnc3)CC4(C)C)cc(C(F)(F)F)c2)CC1,inactive,538.618,4.792900000000005,1.0,6.0,5.0
CHEMBL4088388,C[C@H]1CN(c2cncnc2)Cc2cc(NC(=O)c3cc(CN4CCN(C)CC4)cc(C(F)(F)F)c3)ccc21,inactive,524.5910000000002,4.618800000000004,1.0,6.0,5.0
CHEMBL4060157,C[C@@H]1CN(c2cncnc2)Cc2cc(NC(=O)c3cc(CN4CCN(C)CC4)cc(C(F)(F)F)c3)ccc21,inactive,524.5910000000002,4.618800000000004,1.0,6.0,5.0
CHEMBL4102056,CC1CN(c2cncnc2)Cc2cc(NC(=O)Nc3cc(CN4CCN(C)CC4)cc(C(F)(F)F)c3)ccc21,inactive,539.6060000000003,5.010500000000004,2.0,6.0,5.0
CHEMBL4084076,CC1CN(c2cncnc2)Cc2cc(C(=O)Nc3cccc(CN4CCN(C)CC4)c3)ccc21,inactive,456.5940000000003,3.600000000000003,1.0,6.0,5.0
CHEMBL4064078,CCc1cc(CN2CCN(C)CC2)cc(NC(=O)c2ccc3c(c2)CN(c2cncnc2)CC3C)c1,inactive,484.64800000000025,4.162400000000003,1.0,6.0,5.0
CHEMBL4091837,CC(C)c1cc(CN2CCN(C)CC2)cc(NC(=O)c2ccc3c(c2)CN(c2cncnc2)CC3C)c1,inactive,498.67500000000024,4.723400000000004,1.0,6.0,5.060480747381382
CHEMBL4077200,CC1CN(c2cncnc2)Cc2cc(C(=O)Nc3cc(CN4CCN(C)CC4)cc(C(C)(C)C)c3)ccc21,inactive,512.7020000000003,4.897500000000005,1.0,6.0,5.366531544420414
CHEMBL4065684,CC1CN(c2cncnc2)Cc2cc(C(=O)Nc3cc(CN4CCN(C)CC4)cc(C4CC4)c3)ccc21,inactive,496.6590000000004,4.477400000000004,1.0,6.0,5.00436480540245
CHEMBL4083149,CC1CN(c2cncnc2)Cc2cc(C(=O)Nc3cc(CN4CCN(C)CC4)cc(C4CCCCC4)c3)ccc21,inactive,538.7400000000005,5.647700000000006,1.0,6.0,5.0
CHEMBL4070502,CC1CN(c2cncnc2)Cc2cc(C(=O)Nc3cc(CN4CCN(C)CC4)cc(-c4ccccc4)c3)ccc21,inactive,532.6920000000003,5.267000000000005,1.0,6.0,5.0
CHEMBL4085787,CC1CN(c2cncnc2)Cc2cc(C(=O)Nc3cccc(C(F)(F)F)c3)ccc21,inactive,412.415,4.871400000000004,1.0,4.0,5.0
CHEMBL4063046,CC1CN(c2cncnc2)Cc2cc(C(=O)Nc3cc(C(F)(F)F)ccc3CN3CCN(C)CC3)ccc21,inactive,524.5910000000002,4.618800000000004,1.0,6.0,5.0
CHEMBL4088784,CC1CN(c2cncnc2)Cc2cc(C(=O)Nc3ccc(CN4CCN(C)CC4)c(C(F)(F)F)c3)ccc21,intermediate,524.5910000000002,4.618800000000004,1.0,6.0,6.262012673666569
CHEMBL4060550,CC1CN(c2cncnc2)Cc2cc(C(=O)Nc3cc(N4CCN(C)CC4)cc(C(F)(F)F)c3)ccc21,inactive,510.56400000000025,4.623200000000004,1.0,6.0,5.0
CHEMBL4096477,CC1CN(c2cncnc2)Cc2cc(C(=O)Nc3cc(CCN4CCN(C)CC4)cc(C(F)(F)F)c3)ccc21,inactive,538.6180000000003,4.661300000000004,1.0,6.0,5.0
CHEMBL4069234,CCN1CCN(Cc2cc(NC(=O)c3ccc4c(c3)CN(c3cncnc3)CC4C)cc(C(F)(F)F)c2)CC1,inactive,538.618,5.008900000000004,1.0,6.0,5.0
CHEMBL4096896,CC1CN(c2cncnc2)Cc2cc(C(=O)Nc3cc(CN4CCN(C5CCCCC5)CC4)cc(C(F)(F)F)c3)ccc21,inactive,592.7100000000005,6.321700000000007,1.0,6.0,5.0
CHEMBL4078110,CC1CN(c2cncnc2)Cc2cc(C(=O)Nc3cc(CN4CCOCC4)cc(C(F)(F)F)c3)ccc21,inactive,511.5480000000003,4.703600000000004,1.0,6.0,5.0
CHEMBL4066530,CC1CN(c2cncnc2)Cc2cc(C(=O)Nc3cc(CN4CCSCC4)cc(C(F)(F)F)c3)ccc21,inactive,527.6160000000002,5.420200000000006,1.0,6.0,5.0
CHEMBL4087848,CC1CN(c2cncnc2)Cc2cc(C(=O)Nc3cc(CN4CCCCC4)cc(C(F)(F)F)c3)ccc21,inactive,509.5760000000003,5.857300000000006,1.0,5.0,5.0
CHEMBL4069922,CC1CN(c2cncnc2)Cc2cc(C(=O)Nc3cc(CN4CCCC4)cc(C(F)(F)F)c3)ccc21,inactive,495.54900000000026,5.467200000000005,1.0,5.0,5.0
CHEMBL4086988,CC1CN(c2cncnc2)Cc2cc(C(=O)Nc3cc(CN(C)C)cc(C(F)(F)F)c3)ccc21,inactive,469.51100000000014,4.933000000000004,1.0,5.0,5.0
CHEMBL4075510,CC1CN(c2cncnc2)Cc2cc(C(=O)Nc3cc(CN4CCCN(C)CC4)cc(C(F)(F)F)c3)ccc21,inactive,538.6180000000003,5.008900000000005,1.0,6.0,5.0
CHEMBL4097012,C[C@H]1CN(c2cncnc2)Cc2cc(C(=O)Nc3cc(CN4CCCN(C)CC4)cc(C(F)(F)F)c3)ccc21,inactive,538.6180000000003,5.008900000000005,1.0,6.0,5.0915149811213505
CHEMBL4059972,C[C@@H]1CN(c2cncnc2)Cc2cc(C(=O)Nc3cc(CN4CCCN(C)CC4)cc(C(F)(F)F)c3)ccc21,inactive,538.6180000000003,5.008900000000005,1.0,6.0,5.0
CHEMBL255863,Cc1cn(-c2cc(NC(=O)c3ccc(C)c(Nc4nccc(-c5cccnc5)n4)c3)cc(C(F)(F)F)c2)cn1,active,529.5260000000001,6.355840000000005,2.0,7.0,7.522878745280337
CHEMBL5416410,Cc1nc(Nc2ncc(C(=O)Nc3c(C)cccc3Cl)s2)cc(N2CCN(CCO)CC2)n1.O,active,506.0320000000004,2.4888400000000006,3.0,9.0,7.823908740944319
CHEMBL3736320,CC(C)n1nc(C#Cc2cccc(NC(=O)c3cccc(C(F)(F)F)c3)c2)c2c(N)ncnc21,active,464.45100000000014,4.660300000000003,2.0,6.0,8.1249387366083
CHEMBL4237900,CC(C)n1nc(C#Cc2cccc3cc(-c4ccc(CN5CCN(C)CC5)cc4)ncc23)c2c(N)ncnc21,intermediate,516.6530000000004,4.3518000000000026,1.0,8.0,6.675717544702307
CHEMBL3736320,CC(C)n1nc(C#Cc2cccc(NC(=O)c3cccc(C(F)(F)F)c3)c2)c2c(N)ncnc21,active,464.45100000000014,4.660300000000003,2.0,6.0,8.1249387366083
CHEMBL4242050,Cc1ccc2cc(-c3cccc(C(F)(F)F)c3)ncc2c1C#Cc1nn(C(C)C)c2ncnc(N)c12,intermediate,486.50100000000026,5.931620000000004,1.0,6.0,6.361510743045363
CHEMBL4237900,CC(C)n1nc(C#Cc2cccc3cc(-c4ccc(CN5CCN(C)CC5)cc4)ncc23)c2c(N)ncnc21,intermediate,516.6530000000004,4.3518000000000026,1.0,8.0,6.450996737974212
CHEMBL4248365,CCn1nc(C#Cc2cccc3cc(-c4cccc(C(F)(F)F)c4)ncc23)c2c(N)ncnc21,inactive,458.4470000000001,5.0622000000000025,1.0,6.0,5.955852379121277
CHEMBL4247506,CC(C)n1nc(C#Cc2cccc3cc(-c4cccc(C(F)(F)F)c4)ncc23)c2c(N)ncnc21,intermediate,472.47400000000016,5.623200000000002,1.0,6.0,6.025949097207123
CHEMBL941,Cc1ccc(NC(=O)c2ccc(CN3CCN(C)CC3)cc2)cc1Nc1nccc(-c2cccnc2)n1,active,493.6150000000002,4.590320000000004,2.0,7.0,7.42021640338319
CHEMBL20867,Cc1ccc(C(=O)Nc2ccc(C)c(Nc3nccc(-c4cccnc4)n3)c2)cc1,intermediate,395.4660000000001,5.151340000000005,2.0,5.0,6.698970004336019
CHEMBL4290371,CNC(=O)c1cccc2cc(Oc3ccnc(NC(=O)c4ccc(N5CCN(C)CC5)cc4)c3)ccc12,inactive,495.5830000000003,4.390800000000004,2.0,6.0,6.0
CHEMBL2336015,CCc1ccc(C(=O)Nc2cc(CN3CCN(C)CC3)cc(C(F)(F)F)c2)cc1C#Cc1cnc2ccnn2c1,intermediate,546.5970000000001,4.7100000000000035,1.0,6.0,6.449771646944906
CHEMBL4473475,CCc1ccc(C(=O)Nc2cc(CN3CCN(C)CC3)cc(C(F)(F)F)c2)cc1-c1cccc(-c2cnc3cnccn23)c1,intermediate,598.6730000000001,6.644200000000007,1.0,6.0,6.359518563029578
CHEMBL4544048,CCc1ccc(C(=O)Nc2cccc(CN3CCN(C)CC3)c2)cc1-c1cccc(-c2cnc3cnccn23)c1,intermediate,530.6760000000003,5.625400000000005,1.0,6.0,6.00467199092259
CHEMBL4438475,CCc1ccc(C(=O)Nc2cccc(C(F)(F)F)c2)cc1-c1cccc(-c2cnc3cnccn23)c1,inactive,486.4970000000001,6.896800000000005,1.0,4.0,5.653647025549361
CHEMBL4575992,CCc1ccc(C(=O)Nc2ccc(C(F)(F)F)cc2)cc1-c1cccc(-c2cnc3cnccn23)c1,inactive,486.4970000000001,6.896800000000005,1.0,4.0,5.301725423325633
CHEMBL4583808,CCc1ccc(C(=O)Nc2ccccc2)cc1-c1cccc(-c2cnc3cnccn23)c1,inactive,418.5000000000001,5.878000000000005,1.0,4.0,5.29073003902417
CHEMBL4464080,Cc1ccc(C(=O)Nc2cccc(C(F)(F)F)c2)cc1-c1cccc(-c2cnc3cnccn23)c1,intermediate,472.47000000000014,6.642820000000005,1.0,4.0,6.6252516539898965
CHEMBL4586565,CCc1ccc(C(=O)Nc2cccc(C(F)(F)F)c2)cc1-c1cccc(-c2cnc3cnccn23)c1C,inactive,500.52400000000017,7.205220000000006,1.0,4.0,5.741602195904491
CHEMBL4535081,CCc1ccc(C(=O)Nc2cccc(C(F)(F)F)c2)cc1-c1cc(-c2cnc3cnccn23)ccc1C,inactive,500.52400000000017,7.205220000000006,1.0,4.0,5.838033383635925
CHEMBL4466438,CCc1ccc(C(=O)Nc2cccc(C(F)(F)F)c2)cc1-c1cc(OC)cc(-c2cnc3cnccn23)c1,inactive,516.5230000000003,6.9054000000000055,1.0,5.0,5.432268037451931
CHEMBL4583783,CCc1ccc(C(=O)Nc2cccc(C(F)(F)F)c2)cc1-c1cc(C#N)cc(-c2cnc3cnccn23)c1,inactive,511.5070000000002,6.768480000000005,1.0,5.0,5.2489519651798116
CHEMBL4571430,CCc1ccc(C(=O)Nc2cccc(C(F)(F)F)c2)cc1-c1cc(F)cc(-c2cnc3cnccn23)c1,inactive,504.48700000000014,7.035900000000004,1.0,4.0,5.272052290455203
CHEMBL571546,O=C(Cc1ccc(-c2ccc(OCCN3CCOCC3)cc2)cn1)NCc1ccccc1,active,431.5360000000001,3.318500000000001,1.0,5.0,7.0
CHEMBL483847,NC(=O)c1cccc(-c2cc(Nc3ccc(OC(F)(F)F)cc3)ncn2)c1,intermediate,374.322,3.8847000000000023,2.0,5.0,6.573488738635425
CHEMBL941,Cc1ccc(NC(=O)c2ccc(CN3CCN(C)CC3)cc2)cc1Nc1nccc(-c2cccnc2)n1,intermediate,493.6150000000002,4.590320000000004,2.0,7.0,6.842241113953136
CHEMBL255863,Cc1cn(-c2cc(NC(=O)c3ccc(C)c(Nc4nccc(-c5cccnc5)n4)c3)cc(C(F)(F)F)c2)cn1,intermediate,529.5260000000001,6.355840000000005,2.0,7.0,6.955852379121277
CHEMBL3545413,Cc1ncc(NC(=O)c2ccc(CN3CCN(C)CC3)c(C(F)(F)F)c2)cc1Nc1nccc(-c2cccnc2)n1,active,562.6000000000001,5.004120000000004,2.0,8.0,7.221125527997261
CHEMBL941,Cc1ccc(NC(=O)c2ccc(CN3CCN(C)CC3)cc2)cc1Nc1nccc(-c2cccnc2)n1,inactive,493.6150000000002,4.590320000000004,2.0,7.0,5.567672207738396
CHEMBL255863,Cc1cn(-c2cc(NC(=O)c3ccc(C)c(Nc4nccc(-c5cccnc5)n4)c3)cc(C(F)(F)F)c2)cn1,active,529.5260000000001,6.355840000000005,2.0,7.0,7.628932137728263
CHEMBL3545413,Cc1ncc(NC(=O)c2ccc(CN3CCN(C)CC3)c(C(F)(F)F)c2)cc1Nc1nccc(-c2cccnc2)n1,active,562.6000000000001,5.004120000000004,2.0,8.0,7.663540266151471
CHEMBL941,Cc1ccc(NC(=O)c2ccc(CN3CCN(C)CC3)cc2)cc1Nc1nccc(-c2cccnc2)n1,intermediate,493.6150000000002,4.590320000000004,2.0,7.0,6.097290187030123
CHEMBL255863,Cc1cn(-c2cc(NC(=O)c3ccc(C)c(Nc4nccc(-c5cccnc5)n4)c3)cc(C(F)(F)F)c2)cn1,active,529.5260000000001,6.355840000000005,2.0,7.0,7.515700160653214
CHEMBL3545413,Cc1ncc(NC(=O)c2ccc(CN3CCN(C)CC3)c(C(F)(F)F)c2)cc1Nc1nccc(-c2cccnc2)n1,active,562.6000000000001,5.004120000000004,2.0,8.0,7.866461091629782
CHEMBL941,Cc1ccc(NC(=O)c2ccc(CN3CCN(C)CC3)cc2)cc1Nc1nccc(-c2cccnc2)n1,intermediate,493.6150000000002,4.590320000000004,2.0,7.0,6.438898616350944
CHEMBL255863,Cc1cn(-c2cc(NC(=O)c3ccc(C)c(Nc4nccc(-c5cccnc5)n4)c3)cc(C(F)(F)F)c2)cn1,active,529.5260000000001,6.355840000000005,2.0,7.0,7.399027104313252
CHEMBL3545413,Cc1ncc(NC(=O)c2ccc(CN3CCN(C)CC3)c(C(F)(F)F)c2)cc1Nc1nccc(-c2cccnc2)n1,active,562.6000000000001,5.004120000000004,2.0,8.0,7.7594507517174005
CHEMBL941,Cc1ccc(NC(=O)c2ccc(CN3CCN(C)CC3)cc2)cc1Nc1nccc(-c2cccnc2)n1,intermediate,493.6150000000002,4.590320000000004,2.0,7.0,6.144905048841379
CHEMBL255863,Cc1cn(-c2cc(NC(=O)c3ccc(C)c(Nc4nccc(-c5cccnc5)n4)c3)cc(C(F)(F)F)c2)cn1,active,529.5260000000001,6.355840000000005,2.0,7.0,7.414539270491499
CHEMBL3545413,Cc1ncc(NC(=O)c2ccc(CN3CCN(C)CC3)c(C(F)(F)F)c2)cc1Nc1nccc(-c2cccnc2)n1,active,562.6000000000001,5.004120000000004,2.0,8.0,7.982966660701219
CHEMBL941,Cc1ccc(NC(=O)c2ccc(CN3CCN(C)CC3)cc2)cc1Nc1nccc(-c2cccnc2)n1,intermediate,493.6150000000002,4.590320000000004,2.0,7.0,6.392223396258307
CHEMBL255863,Cc1cn(-c2cc(NC(=O)c3ccc(C)c(Nc4nccc(-c5cccnc5)n4)c3)cc(C(F)(F)F)c2)cn1,intermediate,529.5260000000001,6.355840000000005,2.0,7.0,6.665345233116759
CHEMBL3545413,Cc1ncc(NC(=O)c2ccc(CN3CCN(C)CC3)c(C(F)(F)F)c2)cc1Nc1nccc(-c2cccnc2)n1,intermediate,562.6000000000001,5.004120000000004,2.0,8.0,6.946537395074545
CHEMBL941,Cc1ccc(NC(=O)c2ccc(CN3CCN(C)CC3)cc2)cc1Nc1nccc(-c2cccnc2)n1,inactive,493.6150000000002,4.590320000000004,2.0,7.0,5.487182241435127
CHEMBL255863,Cc1cn(-c2cc(NC(=O)c3ccc(C)c(Nc4nccc(-c5cccnc5)n4)c3)cc(C(F)(F)F)c2)cn1,intermediate,529.5260000000001,6.355840000000005,2.0,7.0,6.459670525209126
CHEMBL3545413,Cc1ncc(NC(=O)c2ccc(CN3CCN(C)CC3)c(C(F)(F)F)c2)cc1Nc1nccc(-c2cccnc2)n1,intermediate,562.6000000000001,5.004120000000004,2.0,8.0,6.497026940934369
CHEMBL941,Cc1ccc(NC(=O)c2ccc(CN3CCN(C)CC3)cc2)cc1Nc1nccc(-c2cccnc2)n1,inactive,493.6150000000002,4.590320000000004,2.0,7.0,5.056604423491045
CHEMBL255863,Cc1cn(-c2cc(NC(=O)c3ccc(C)c(Nc4nccc(-c5cccnc5)n4)c3)cc(C(F)(F)F)c2)cn1,active,529.5260000000001,6.355840000000005,2.0,7.0,7.430626090384954
CHEMBL3545413,Cc1ncc(NC(=O)c2ccc(CN3CCN(C)CC3)c(C(F)(F)F)c2)cc1Nc1nccc(-c2cccnc2)n1,active,562.6000000000001,5.004120000000004,2.0,8.0,7.7423214251308154
CHEMBL941,Cc1ccc(NC(=O)c2ccc(CN3CCN(C)CC3)cc2)cc1Nc1nccc(-c2cccnc2)n1,intermediate,493.6150000000002,4.590320000000004,2.0,7.0,6.312917155395629
CHEMBL255863,Cc1cn(-c2cc(NC(=O)c3ccc(C)c(Nc4nccc(-c5cccnc5)n4)c3)cc(C(F)(F)F)c2)cn1,active,529.5260000000001,6.355840000000005,2.0,7.0,7.896196279044043
CHEMBL3545413,Cc1ncc(NC(=O)c2ccc(CN3CCN(C)CC3)c(C(F)(F)F)c2)cc1Nc1nccc(-c2cccnc2)n1,active,562.6000000000001,5.004120000000004,2.0,8.0,8.207608310501746
CHEMBL941,Cc1ccc(NC(=O)c2ccc(CN3CCN(C)CC3)cc2)cc1Nc1nccc(-c2cccnc2)n1,inactive,493.6150000000002,4.590320000000004,2.0,7.0,6.0
CHEMBL388978,CN[C@@H]1C[C@H]2O[C@@](C)([C@@H]1OC)n1c3ccccc3c3c4c(c5c6ccccc6n2c5c31)C(=O)NC4,intermediate,466.5410000000003,4.354000000000003,2.0,6.0,6.914352711703144
CHEMBL4781579,Cc1ccc(NC(=O)c2ccc(CN3CCN(C)CC3)cc2)cc1-n1cc(-c2cnc3cccnn23)cn1,active,506.6140000000002,3.890120000000003,1.0,8.0,7.583858968831671
CHEMBL4780376,Cc1ccc(NC(=O)c2ccc(CN3CCOCC3)cc2)cc1-n1cc(-c2cnc3cccnn23)cn1,intermediate,493.57100000000014,3.9749200000000027,1.0,8.0,6.964170174747172
CHEMBL4791681,CCc1ccc(C(=O)Nc2ccc(C)c(-n3cc(-c4cnc5cccnn45)cn3)c2)cc1,active,422.4920000000001,4.7051200000000035,1.0,6.0,7.7121982700697735
CHEMBL4760801,Cc1ccc(NC(=O)c2cccc(Cl)c2)cc1-n1cc(-c2cnc3cccnn23)cn1,active,428.88300000000015,4.796120000000004,1.0,6.0,7.653647025549361
CHEMBL4744950,Cc1ccc(NC(=O)c2ccc(F)cc2)cc1-n1cc(-c2cnc3cccnn23)cn1,active,412.4280000000001,4.281820000000003,1.0,6.0,7.092051478387727
CHEMBL4750498,Cc1ccc(NC(=O)c2ccc(C(F)(F)F)cc2)cc1-n1cc(-c2cnc3cccnn23)cn1,active,462.4350000000001,5.161520000000004,1.0,6.0,7.130181792020672
CHEMBL4762806,Cc1ccc(NC(=O)c2cccc(C(F)(F)F)c2)cc1-n1cc(-c2cnc3cccnn23)cn1,active,462.4350000000001,5.161520000000004,1.0,6.0,8.070581074285707
CHEMBL4753215,Cc1ccc(NC(=O)c2ccc(CN3CCCN(C)CC3)cc2)cc1-n1cc(-c2cnc3ccnn3c2)cn1,intermediate,520.6410000000002,4.2802200000000035,1.0,8.0,6.20690839982342
CHEMBL4779313,Cc1ccc(NC(=O)c2ccc(CN3CCOCC3)cc2)cc1-n1cc(-c2cnc3ccnn3c2)cn1,inactive,493.57100000000014,3.9749200000000027,1.0,8.0,5.613322716039162
CHEMBL4749097,Cc1ccc(NC(=O)c2ccc(F)cc2)cc1-n1cc(-c2cnc3ccnn3c2)cn1,inactive,412.4280000000001,4.281820000000003,1.0,6.0,5.0
CHEMBL4743038,Cc1ccc(NC(=O)c2ccc(C(F)(F)F)cc2)cc1-n1cc(-c2cnc3ccnn3c2)cn1,intermediate,462.4350000000001,5.161520000000004,1.0,6.0,6.094906031672129
CHEMBL4741331,COc1ccc(C(=O)Nc2ccc(C)c(-n3cc(-c4cnc5ccnn5c4)cn3)c2)cc1,intermediate,424.46400000000006,4.151320000000002,1.0,7.0,6.1154311850816665
CHEMBL941,Cc1ccc(NC(=O)c2ccc(CN3CCN(C)CC3)cc2)cc1Nc1nccc(-c2cccnc2)n1,active,493.6150000000002,4.590320000000004,2.0,7.0,7.6020599913279625
CHEMBL5416410,Cc1nc(Nc2ncc(C(=O)Nc3c(C)cccc3Cl)s2)cc(N2CCN(CCO)CC2)n1.O,active,506.0320000000004,2.4888400000000006,3.0,9.0,9.0
CHEMBL255863,Cc1cn(-c2cc(NC(=O)c3ccc(C)c(Nc4nccc(-c5cccnc5)n4)c3)cc(C(F)(F)F)c2)cn1,active,529.5260000000001,6.355840000000005,2.0,7.0,9.0
CHEMBL4297524,Cc1cn(-c2cc(NC(=O)c3ccc(C)c(Nc4nccc(-c5cnccn5)n4)c3)cc(C(F)(F)F)c2)cn1,active,530.5140000000001,5.750840000000004,2.0,8.0,8.920818753952375
CHEMBL384575,CO[C@H](C(=O)N1Cc2[nH]nc(NC(=O)c3ccc(N4CCN(C)CC4)cc3)c2C1)c1ccccc1,active,474.56500000000034,2.643700000000001,2.0,6.0,7.327902142064283
CHEMBL288441,COc1cc(Nc2c(C#N)cnc3cc(OCCCN4CCN(C)CC4)c(OC)cc23)c(Cl)cc1Cl,active,530.4560000000004,5.190380000000005,1.0,8.0,8.853871964321762
CHEMBL3545413,Cc1ncc(NC(=O)c2ccc(CN3CCN(C)CC3)c(C(F)(F)F)c2)cc1Nc1nccc(-c2cccnc2)n1,active,562.6000000000001,5.004120000000004,2.0,8.0,8.920818753952375
CHEMBL206834,Cc1ccc(NC(=O)c2ccc(CN3CC[C@H](N(C)C)C3)c(C(F)(F)F)c2)cc1Nc1nccc(-c2cncnc2)n1,active,576.6270000000001,5.392620000000004,2.0,8.0,8.236572006437063
CHEMBL4130229,Cc1ccc(C(=O)NNC(=O)c2c(C)cccc2Cl)cc1C#Cc1cnc2ccccc2c1,active,453.9290000000002,4.979640000000003,2.0,3.0,9.045757490560675
CHEMBL5179613,CC(C)(C)OC(=O)N1C[C@@H](n2cc(-c3ccc(N)nc3)nn2)C[C@H]1C(=O)Nc1ccc(Cl)c(C(F)(F)F)c1,active,551.9570000000002,4.783700000000003,2.0,8.0,9.0268721464003
CHEMBL5203239,Nc1ccc(-c2cn([C@@H]3CN[C@H](C(=O)Nc4ccc(Cl)c(C(F)(F)F)c4)C3)nn2)cn1,active,451.84000000000015,3.1362000000000005,3.0,7.0,8.507239610973162
CHEMBL5193726,CC(=O)Nc1ccc(-c2cn([C@@H]3CN[C@H](C(=O)Nc4ccc(Cl)c(C(F)(F)F)c4)C3)nn2)cn1,active,493.8770000000002,3.5124000000000013,3.0,7.0,8.462180904926726
CHEMBL5182032,O=C(Nc1ccc(-c2cn([C@@H]3CN[C@H](C(=O)Nc4ccc(Cl)c(C(F)(F)F)c4)C3)nn2)cn1)C1CC1,active,519.9150000000001,3.9025000000000016,3.0,7.0,9.187086643357144
CHEMBL5202743,CC(C)(C)C(=O)Nc1ccc(-c2cn([C@@H]3CN[C@H](C(=O)Nc4ccc(Cl)c(C(F)(F)F)c4)C3)nn2)cn1,active,535.9580000000002,4.538600000000002,3.0,7.0,7.3819519032879075
CHEMBL5172694,C=CC(=O)Nc1ccc(-c2cn([C@@H]3CN[C@H](C(=O)Nc4ccc(Cl)c(C(F)(F)F)c4)C3)nn2)cn1,active,505.88800000000015,3.6785000000000014,3.0,7.0,8.033389013318066
CHEMBL5189577,O=C(Nc1ccc(Cl)c(C(F)(F)F)c1)[C@@H]1C[C@H](n2cc(-c3cncc(C(=O)N4CCOCC4)c3)nn2)CN1,active,549.9410000000001,3.0264000000000006,2.0,8.0,7.221414672137038
CHEMBL5193389,O=C(NC1CC1)c1cncc(-c2cn([C@@H]3CN[C@H](C(=O)Nc4ccc(Cl)c(C(F)(F)F)c4)C3)nn2)c1,active,519.9150000000002,3.446200000000001,3.0,7.0,8.712198270069774
CHEMBL5208081,CCN(CC)C(=O)c1cncc(-c2cn([C@@H]3CN[C@H](C(=O)Nc4ccc(Cl)c(C(F)(F)F)c4)C3)nn2)c1,active,535.9580000000001,4.036000000000002,2.0,7.0,7.8395314688809625
CHEMBL5177838,CN(C)CCNC(=O)c1cncc(-c2cn([C@@H]3CN[C@H](C(=O)Nc4ccc(Cl)c(C(F)(F)F)c4)C3)nn2)c1,active,550.9730000000001,2.8454000000000015,3.0,8.0,7.534617148551582
CHEMBL941,Cc1ccc(NC(=O)c2ccc(CN3CCN(C)CC3)cc2)cc1Nc1nccc(-c2cccnc2)n1,active,493.6150000000002,4.590320000000004,2.0,7.0,8.554395796726402
CHEMBL5177033,CC(C)(C)OC(=O)N1C[C@@H](n2cc(-c3ccc4c(N)n[nH]c4c3)nn2)C[C@H]1C(=O)Nc1ccc(Cl)c(C(F)(F)F)c1,active,590.9940000000004,5.265000000000004,3.0,8.0,7.660349842386316
CHEMBL5185114,Nc1n[nH]c2cc(-c3cn([C@@H]4CN[C@H](C(=O)Nc5ccc(Cl)c(C(F)(F)F)c5)C4)nn3)ccc12,active,490.87700000000007,3.6175000000000015,4.0,7.0,7.823908740944319
CHEMBL5176514,CC(=O)Nc1n[nH]c2cc(-c3cn([C@@H]4CN[C@H](C(=O)Nc5ccc(Cl)c(C(F)(F)F)c5)C4)nn3)ccc12,active,532.9140000000002,3.9937000000000014,4.0,7.0,7.549596913844634
CHEMBL5187868,O=C(Nc1n[nH]c2cc(-c3cn([C@@H]4CN[C@H](C(=O)Nc5ccc(Cl)c(C(F)(F)F)c5)C4)nn3)ccc12)C1CC1,active,558.952,4.383800000000003,4.0,7.0,8.823908740944319
CHEMBL5193797,CC(C)(C)OC(=O)N1C[C@@H](n2cc(-c3ccc4c(N)n[nH]c4c3)nn2)C[C@H]1C(=O)Nc1ccc(Cl)cc1Cl,active,557.4420000000001,4.899600000000003,3.0,8.0,7.217240807376003
CHEMBL5191144,Nc1n[nH]c2cc(-c3cn([C@@H]4CN[C@H](C(=O)Nc5ccc(Cl)cc5Cl)C4)nn3)ccc12,active,457.3250000000001,3.2521000000000013,4.0,7.0,8.065501548756432
CHEMBL5207040,CC(=O)Nc1n[nH]c2cc(-c3cn([C@@H]4CN[C@H](C(=O)Nc5ccc(Cl)cc5Cl)C4)nn3)ccc12,active,499.36200000000025,3.628300000000001,4.0,7.0,8.5016894462104
CHEMBL5200499,O=C(Nc1n[nH]c2cc(-c3cn([C@@H]4CN[C@H](C(=O)Nc5ccc(Cl)cc5Cl)C4)nn3)ccc12)C1CC1,active,525.4000000000002,4.0184000000000015,4.0,7.0,9.080921907623926
CHEMBL5203127,CC(C)(C)OC(=O)N1C[C@@H](n2cc(-c3ccc4c(N)n[nH]c4c3)nn2)C[C@H]1C(=O)Nc1ccc(Br)cc1,active,567.4480000000002,4.355300000000002,3.0,8.0,7.30111686324741
CHEMBL5203678,Nc1n[nH]c2cc(-c3cn([C@@H]4CN[C@H](C(=O)Nc5ccc(Br)cc5)C4)nn3)ccc12,active,467.3310000000001,2.7078000000000007,4.0,7.0,7.360812440064246
CHEMBL5197019,CC(=O)Nc1n[nH]c2cc(-c3cn([C@@H]4CN[C@H](C(=O)Nc5ccc(Br)cc5)C4)nn3)ccc12,active,509.36800000000017,3.0840000000000005,4.0,7.0,8.232844133917819
CHEMBL5187489,O=C(Nc1n[nH]c2cc(-c3cn([C@@H]4CN[C@H](C(=O)Nc5ccc(Br)cc5)C4)nn3)ccc12)C1CC1,active,535.4060000000001,3.4741000000000017,4.0,7.0,8.257274868695301
CHEMBL5187532,CCN1CCN(c2cc(NC(=O)[C@@H]3C[C@H](n4cc(-c5ccc6c(N)n[nH]c6c5)nn4)CN3)ccc2Cl)CC1,active,535.056,2.7406000000000006,4.0,9.0,8.059981844992336
CHEMBL5170705,CC(C)(C)OC(=O)N1C[C@@H](n2cc(-c3ccc4nc(N)sc4n3)nn2)C[C@H]1C(=O)Nc1ccc(Cl)c(C(F)(F)F)c1,active,609.0340000000003,5.393400000000004,2.0,10.0,7.975925012692573
CHEMBL5183677,Nc1nc2ccc(-c3cn([C@@H]4CN[C@H](C(=O)Nc5ccc(Cl)c(C(F)(F)F)c5)C4)nn3)nc2s1,active,508.9170000000001,3.7459000000000016,3.0,9.0,7.806875401645538
CHEMBL5206184,CC(=O)Nc1nc2ccc(-c3cn([C@@H]4CN[C@H](C(=O)Nc5ccc(Cl)c(C(F)(F)F)c5)C4)nn3)nc2s1,active,550.9540000000001,4.122100000000001,3.0,9.0,7.629857152948898
CHEMBL5172580,O=C(Nc1nc2ccc(-c3cn([C@@H]4CN[C@H](C(=O)Nc5ccc(Cl)c(C(F)(F)F)c5)C4)nn3)nc2s1)C1CC1,active,576.992,4.512200000000003,3.0,9.0,7.6081830763867515
CHEMBL5181452,CC(C)(C)OC(=O)N1C[C@@H](n2cc(-c3ccc4nc(N)sc4n3)nn2)C[C@H]1C(=O)Nc1ccc(Cl)cc1Cl,active,575.4820000000002,5.028000000000004,2.0,10.0,7.8338660296948905
CHEMBL5207617,Nc1nc2ccc(-c3cn([C@@H]4CN[C@H](C(=O)Nc5ccc(Cl)cc5Cl)C4)nn3)nc2s1,active,475.3650000000001,3.3805000000000014,3.0,9.0,8.024568191490737
CHEMBL5187601,CC(=O)Nc1nc2ccc(-c3cn([C@@H]4CN[C@H](C(=O)Nc5ccc(Cl)cc5Cl)C4)nn3)nc2s1,active,517.4020000000002,3.7567000000000013,3.0,9.0,8.318758762624412
CHEMBL5206449,O=C(Nc1nc2ccc(-c3cn([C@@H]4CN[C@H](C(=O)Nc5ccc(Cl)cc5Cl)C4)nn3)nc2s1)C1CC1,active,543.44,4.146800000000002,3.0,9.0,9.221848749616356
CHEMBL5196374,CC(C)(C)OC(=O)N1C[C@@H](n2cc(-c3ccc4nc(N)sc4n3)nn2)C[C@H]1C(=O)Nc1ccc(Br)cc1,active,585.4880000000003,4.4837000000000025,2.0,10.0,8.162411561764488
CHEMBL5188615,Nc1nc2ccc(-c3cn([C@@H]4CN[C@H](C(=O)Nc5ccc(Br)cc5)C4)nn3)nc2s1,active,485.3710000000001,2.8362000000000007,3.0,9.0,7.567351339986893
CHEMBL5183302,CC(=O)Nc1nc2ccc(-c3cn([C@@H]4CN[C@H](C(=O)Nc5ccc(Br)cc5)C4)nn3)nc2s1,active,527.4080000000001,3.2124000000000006,3.0,9.0,8.15552282425432
CHEMBL5207653,O=C(Nc1nc2ccc(-c3cn([C@@H]4CN[C@H](C(=O)Nc5ccc(Br)cc5)C4)nn3)nc2s1)C1CC1,active,553.446,3.602500000000002,3.0,9.0,7.984221243610959
CHEMBL5207090,CC(C)(C)OC(=O)N1C[C@@H](n2cc(-c3ccc4nc(N)sc4n3)nn2)C[C@H]1C(=O)Nc1ccc(F)c(F)c1,active,542.5720000000002,3.9994000000000023,2.0,10.0,7.758204568704802
CHEMBL5172285,Nc1nc2ccc(-c3cn([C@@H]4CN[C@H](C(=O)Nc5ccc(F)c(F)c5)C4)nn3)nc2s1,intermediate,442.4550000000001,2.3518999999999997,3.0,9.0,6.891096872332686
CHEMBL5196757,CC(=O)Nc1nc2ccc(-c3cn([C@@H]4CN[C@H](C(=O)Nc5ccc(F)c(F)c5)C4)nn3)nc2s1,intermediate,484.49200000000013,2.7281000000000004,3.0,9.0,6.695703396981645
CHEMBL5194721,O=C(Nc1nc2ccc(-c3cn([C@@H]4CN[C@H](C(=O)Nc5ccc(F)c(F)c5)C4)nn3)nc2s1)C1CC1,active,510.53000000000026,3.1182000000000016,3.0,9.0,7.52201102374911
CHEMBL5208315,CS(=O)(=O)Nc1ccc(-c2cn([C@@H]3CN[C@H](C(=O)Nc4ccc(Cl)c(C(F)(F)F)c4)C3)nn2)cn1,active,529.9320000000001,2.9255000000000004,3.0,8.0,9.309803919971486
CHEMBL5179613,CC(C)(C)OC(=O)N1C[C@@H](n2cc(-c3ccc(N)nc3)nn2)C[C@H]1C(=O)Nc1ccc(Cl)c(C(F)(F)F)c1,intermediate,551.9570000000002,4.783700000000003,2.0,8.0,6.9028121274291045
CHEMBL5203239,Nc1ccc(-c2cn([C@@H]3CN[C@H](C(=O)Nc4ccc(Cl)c(C(F)(F)F)c4)C3)nn2)cn1,intermediate,451.84000000000015,3.1362000000000005,3.0,7.0,6.51881544488267
CHEMBL5193726,CC(=O)Nc1ccc(-c2cn([C@@H]3CN[C@H](C(=O)Nc4ccc(Cl)c(C(F)(F)F)c4)C3)nn2)cn1,intermediate,493.8770000000002,3.5124000000000013,3.0,7.0,6.895137481858923
CHEMBL5182032,O=C(Nc1ccc(-c2cn([C@@H]3CN[C@H](C(=O)Nc4ccc(Cl)c(C(F)(F)F)c4)C3)nn2)cn1)C1CC1,intermediate,519.9150000000001,3.9025000000000016,3.0,7.0,6.471366068639431
CHEMBL5202743,CC(C)(C)C(=O)Nc1ccc(-c2cn([C@@H]3CN[C@H](C(=O)Nc4ccc(Cl)c(C(F)(F)F)c4)C3)nn2)cn1,inactive,535.9580000000002,4.538600000000002,3.0,7.0,5.463025137426412
CHEMBL5172694,C=CC(=O)Nc1ccc(-c2cn([C@@H]3CN[C@H](C(=O)Nc4ccc(Cl)c(C(F)(F)F)c4)C3)nn2)cn1,intermediate,505.88800000000015,3.6785000000000014,3.0,7.0,6.854990159857858
CHEMBL5189577,O=C(Nc1ccc(Cl)c(C(F)(F)F)c1)[C@@H]1C[C@H](n2cc(-c3cncc(C(=O)N4CCOCC4)c3)nn2)CN1,intermediate,549.9410000000001,3.0264000000000006,2.0,8.0,6.096394594280134
CHEMBL5193389,O=C(NC1CC1)c1cncc(-c2cn([C@@H]3CN[C@H](C(=O)Nc4ccc(Cl)c(C(F)(F)F)c4)C3)nn2)c1,active,519.9150000000002,3.446200000000001,3.0,7.0,7.501000636419847
CHEMBL5208081,CCN(CC)C(=O)c1cncc(-c2cn([C@@H]3CN[C@H](C(=O)Nc4ccc(Cl)c(C(F)(F)F)c4)C3)nn2)c1,intermediate,535.9580000000001,4.036000000000002,2.0,7.0,6.583126600223203
CHEMBL5177838,CN(C)CCNC(=O)c1cncc(-c2cn([C@@H]3CN[C@H](C(=O)Nc4ccc(Cl)c(C(F)(F)F)c4)C3)nn2)c1,intermediate,550.9730000000001,2.8454000000000015,3.0,8.0,6.457435975021224
CHEMBL941,Cc1ccc(NC(=O)c2ccc(CN3CCN(C)CC3)cc2)cc1Nc1nccc(-c2cccnc2)n1,intermediate,493.6150000000002,4.590320000000004,2.0,7.0,6.93689191700138
CHEMBL5177033,CC(C)(C)OC(=O)N1C[C@@H](n2cc(-c3ccc4c(N)n[nH]c4c3)nn2)C[C@H]1C(=O)Nc1ccc(Cl)c(C(F)(F)F)c1,intermediate,590.9940000000004,5.265000000000004,3.0,8.0,6.823908740944319
CHEMBL5185114,Nc1n[nH]c2cc(-c3cn([C@@H]4CN[C@H](C(=O)Nc5ccc(Cl)c(C(F)(F)F)c5)C4)nn3)ccc12,intermediate,490.87700000000007,3.6175000000000015,4.0,7.0,6.86302590424217
CHEMBL5176514,CC(=O)Nc1n[nH]c2cc(-c3cn([C@@H]4CN[C@H](C(=O)Nc5ccc(Cl)c(C(F)(F)F)c5)C4)nn3)ccc12,intermediate,532.9140000000002,3.9937000000000014,4.0,7.0,6.91717873906067
CHEMBL5187868,O=C(Nc1n[nH]c2cc(-c3cn([C@@H]4CN[C@H](C(=O)Nc5ccc(Cl)c(C(F)(F)F)c5)C4)nn3)ccc12)C1CC1,intermediate,558.952,4.383800000000003,4.0,7.0,6.724919101543142
CHEMBL5193797,CC(C)(C)OC(=O)N1C[C@@H](n2cc(-c3ccc4c(N)n[nH]c4c3)nn2)C[C@H]1C(=O)Nc1ccc(Cl)cc1Cl,inactive,557.4420000000001,4.899600000000003,3.0,8.0,5.726304412069908
CHEMBL5191144,Nc1n[nH]c2cc(-c3cn([C@@H]4CN[C@H](C(=O)Nc5ccc(Cl)cc5Cl)C4)nn3)ccc12,inactive,457.3250000000001,3.2521000000000013,4.0,7.0,5.435681984106554
CHEMBL5207040,CC(=O)Nc1n[nH]c2cc(-c3cn([C@@H]4CN[C@H](C(=O)Nc5ccc(Cl)cc5Cl)C4)nn3)ccc12,intermediate,499.36200000000025,3.628300000000001,4.0,7.0,6.868253054899121
CHEMBL5200499,O=C(Nc1n[nH]c2cc(-c3cn([C@@H]4CN[C@H](C(=O)Nc5ccc(Cl)cc5Cl)C4)nn3)ccc12)C1CC1,intermediate,525.4000000000002,4.0184000000000015,4.0,7.0,6.69927411692518
CHEMBL5203127,CC(C)(C)OC(=O)N1C[C@@H](n2cc(-c3ccc4c(N)n[nH]c4c3)nn2)C[C@H]1C(=O)Nc1ccc(Br)cc1,intermediate,567.4480000000002,4.355300000000002,3.0,8.0,6.625306631454607
CHEMBL5203678,Nc1n[nH]c2cc(-c3cn([C@@H]4CN[C@H](C(=O)Nc5ccc(Br)cc5)C4)nn3)ccc12,intermediate,467.3310000000001,2.7078000000000007,4.0,7.0,6.508946624569134
CHEMBL5197019,CC(=O)Nc1n[nH]c2cc(-c3cn([C@@H]4CN[C@H](C(=O)Nc5ccc(Br)cc5)C4)nn3)ccc12,intermediate,509.36800000000017,3.0840000000000005,4.0,7.0,6.464465375275814
CHEMBL5187489,O=C(Nc1n[nH]c2cc(-c3cn([C@@H]4CN[C@H](C(=O)Nc5ccc(Br)cc5)C4)nn3)ccc12)C1CC1,intermediate,535.4060000000001,3.4741000000000017,4.0,7.0,6.842029756395287
CHEMBL5187532,CCN1CCN(c2cc(NC(=O)[C@@H]3C[C@H](n4cc(-c5ccc6c(N)n[nH]c6c5)nn4)CN3)ccc2Cl)CC1,active,535.056,2.7406000000000006,4.0,9.0,7.071501731876309
CHEMBL5170705,CC(C)(C)OC(=O)N1C[C@@H](n2cc(-c3ccc4nc(N)sc4n3)nn2)C[C@H]1C(=O)Nc1ccc(Cl)c(C(F)(F)F)c1,intermediate,609.0340000000003,5.393400000000004,2.0,10.0,6.175730944145712
CHEMBL5183677,Nc1nc2ccc(-c3cn([C@@H]4CN[C@H](C(=O)Nc5ccc(Cl)c(C(F)(F)F)c5)C4)nn3)nc2s1,active,508.9170000000001,3.7459000000000016,3.0,9.0,7.6074789100680675
CHEMBL5206184,CC(=O)Nc1nc2ccc(-c3cn([C@@H]4CN[C@H](C(=O)Nc5ccc(Cl)c(C(F)(F)F)c5)C4)nn3)nc2s1,active,550.9540000000001,4.122100000000001,3.0,9.0,7.224608028303388
CHEMBL5172580,O=C(Nc1nc2ccc(-c3cn([C@@H]4CN[C@H](C(=O)Nc5ccc(Cl)c(C(F)(F)F)c5)C4)nn3)nc2s1)C1CC1,intermediate,576.992,4.512200000000003,3.0,9.0,6.958962792132971
CHEMBL5181452,CC(C)(C)OC(=O)N1C[C@@H](n2cc(-c3ccc4nc(N)sc4n3)nn2)C[C@H]1C(=O)Nc1ccc(Cl)cc1Cl,intermediate,575.4820000000002,5.028000000000004,2.0,10.0,6.386940824310483
CHEMBL5207617,Nc1nc2ccc(-c3cn([C@@H]4CN[C@H](C(=O)Nc5ccc(Cl)cc5Cl)C4)nn3)nc2s1,intermediate,475.3650000000001,3.3805000000000014,3.0,9.0,6.927786877396618
CHEMBL5187601,CC(=O)Nc1nc2ccc(-c3cn([C@@H]4CN[C@H](C(=O)Nc5ccc(Cl)cc5Cl)C4)nn3)nc2s1,intermediate,517.4020000000002,3.7567000000000013,3.0,9.0,6.410620155758083
CHEMBL5206449,O=C(Nc1nc2ccc(-c3cn([C@@H]4CN[C@H](C(=O)Nc5ccc(Cl)cc5Cl)C4)nn3)nc2s1)C1CC1,intermediate,543.44,4.146800000000002,3.0,9.0,6.7217266742018325
CHEMBL5196374,CC(C)(C)OC(=O)N1C[C@@H](n2cc(-c3ccc4nc(N)sc4n3)nn2)C[C@H]1C(=O)Nc1ccc(Br)cc1,active,585.4880000000003,4.4837000000000025,2.0,10.0,7.598427154323554
CHEMBL5188615,Nc1nc2ccc(-c3cn([C@@H]4CN[C@H](C(=O)Nc5ccc(Br)cc5)C4)nn3)nc2s1,intermediate,485.3710000000001,2.8362000000000007,3.0,9.0,6.748629494503297
CHEMBL5183302,CC(=O)Nc1nc2ccc(-c3cn([C@@H]4CN[C@H](C(=O)Nc5ccc(Br)cc5)C4)nn3)nc2s1,intermediate,527.4080000000001,3.2124000000000006,3.0,9.0,6.771753673744754
CHEMBL5207653,O=C(Nc1nc2ccc(-c3cn([C@@H]4CN[C@H](C(=O)Nc5ccc(Br)cc5)C4)nn3)nc2s1)C1CC1,active,553.446,3.602500000000002,3.0,9.0,7.477816682381314
CHEMBL5207090,CC(C)(C)OC(=O)N1C[C@@H](n2cc(-c3ccc4nc(N)sc4n3)nn2)C[C@H]1C(=O)Nc1ccc(F)c(F)c1,intermediate,542.5720000000002,3.9994000000000023,2.0,10.0,6.312453203649251
CHEMBL5172285,Nc1nc2ccc(-c3cn([C@@H]4CN[C@H](C(=O)Nc5ccc(F)c(F)c5)C4)nn3)nc2s1,inactive,442.4550000000001,2.3518999999999997,3.0,9.0,5.798706681734303
CHEMBL5196757,CC(=O)Nc1nc2ccc(-c3cn([C@@H]4CN[C@H](C(=O)Nc5ccc(F)c(F)c5)C4)nn3)nc2s1,inactive,484.49200000000013,2.7281000000000004,3.0,9.0,5.723078867934226
CHEMBL5194721,O=C(Nc1nc2ccc(-c3cn([C@@H]4CN[C@H](C(=O)Nc5ccc(F)c(F)c5)C4)nn3)nc2s1)C1CC1,inactive,510.53000000000026,3.1182000000000016,3.0,9.0,5.871985433190597
CHEMBL5208315,CS(=O)(=O)Nc1ccc(-c2cn([C@@H]3CN[C@H](C(=O)Nc4ccc(Cl)c(C(F)(F)F)c4)C3)nn2)cn1,intermediate,529.9320000000001,2.9255000000000004,3.0,8.0,6.955264302549493
CHEMBL255863,Cc1cn(-c2cc(NC(=O)c3ccc(C)c(Nc4nccc(-c5cccnc5)n4)c3)cc(C(F)(F)F)c2)cn1,active,529.5260000000001,6.355840000000005,2.0,7.0,7.522878745280337
CHEMBL5197174,CN1CCN(c2ccc(Nc3nc(Nc4ccc(F)c(F)c4)c4ncn(CC5CC5)c4n3)cc2)CC1,active,490.5620000000003,4.7535000000000025,2.0,8.0,7.3979400086720375
CHEMBL1171837,Cc1ccc(C(=O)Nc2ccc(CN3CCN(C)CC3)c(C(F)(F)F)c2)cc1C#Cc1cnc2cccnn12,active,532.5700000000002,4.456020000000003,1.0,6.0,9.301029995663981
CHEMBL941,Cc1ccc(NC(=O)c2ccc(CN3CCN(C)CC3)cc2)cc1Nc1nccc(-c2cccnc2)n1,intermediate,493.6150000000002,4.590320000000004,2.0,7.0,6.585026652029182
CHEMBL941,Cc1ccc(NC(=O)c2ccc(CN3CCN(C)CC3)cc2)cc1Nc1nccc(-c2cccnc2)n1,inactive,493.6150000000002,4.590320000000004,2.0,7.0,5.1938200260161125
CHEMBL1171837,Cc1ccc(C(=O)Nc2ccc(CN3CCN(C)CC3)c(C(F)(F)F)c2)cc1C#Cc1cnc2cccnn12,active,532.5700000000002,4.456020000000003,1.0,6.0,8.920818753952375
CHEMBL1171837,Cc1ccc(C(=O)Nc2ccc(CN3CCN(C)CC3)c(C(F)(F)F)c2)cc1C#Cc1cnc2cccnn12,active,532.5700000000002,4.456020000000003,1.0,6.0,8.05551732784983
CHEMBL1171837,Cc1ccc(C(=O)Nc2ccc(CN3CCN(C)CC3)c(C(F)(F)F)c2)cc1C#Cc1cnc2cccnn12,active,532.5700000000002,4.456020000000003,1.0,6.0,8.698970004336019
CHEMBL288441,COc1cc(Nc2c(C#N)cnc3cc(OCCCN4CCN(C)CC4)c(OC)cc23)c(Cl)cc1Cl,active,530.4560000000004,5.190380000000005,1.0,8.0,9.0
CHEMBL5435819,COc1cc(Nc2c(C#N)cnc3cc(OCCON4CCN(C)CC4)c(OC)cc23)c(Cl)cc1Cl,active,532.4280000000003,4.731880000000005,1.0,9.0,9.0
CHEMBL288441,COc1cc(Nc2c(C#N)cnc3cc(OCCCN4CCN(C)CC4)c(OC)cc23)c(Cl)cc1Cl,active,530.4560000000004,5.190380000000005,1.0,8.0,9.0
CHEMBL5435819,COc1cc(Nc2c(C#N)cnc3cc(OCCON4CCN(C)CC4)c(OC)cc23)c(Cl)cc1Cl,active,532.4280000000003,4.731880000000005,1.0,9.0,9.0
CHEMBL288441,COc1cc(Nc2c(C#N)cnc3cc(OCCCN4CCN(C)CC4)c(OC)cc23)c(Cl)cc1Cl,active,530.4560000000004,5.190380000000005,1.0,8.0,9.0
CHEMBL5435819,COc1cc(Nc2c(C#N)cnc3cc(OCCON4CCN(C)CC4)c(OC)cc23)c(Cl)cc1Cl,active,532.4280000000003,4.731880000000005,1.0,9.0,9.0
CHEMBL288441,COc1cc(Nc2c(C#N)cnc3cc(OCCCN4CCN(C)CC4)c(OC)cc23)c(Cl)cc1Cl,active,530.4560000000004,5.190380000000005,1.0,8.0,9.0
CHEMBL5435819,COc1cc(Nc2c(C#N)cnc3cc(OCCON4CCN(C)CC4)c(OC)cc23)c(Cl)cc1Cl,active,532.4280000000003,4.731880000000005,1.0,9.0,9.0
CHEMBL288441,COc1cc(Nc2c(C#N)cnc3cc(OCCCN4CCN(C)CC4)c(OC)cc23)c(Cl)cc1Cl,active,530.4560000000004,5.190380000000005,1.0,8.0,7.356547323513812
CHEMBL5435819,COc1cc(Nc2c(C#N)cnc3cc(OCCON4CCN(C)CC4)c(OC)cc23)c(Cl)cc1Cl,active,532.4280000000003,4.731880000000005,1.0,9.0,7.327902142064283
CHEMBL288441,COc1cc(Nc2c(C#N)cnc3cc(OCCCN4CCN(C)CC4)c(OC)cc23)c(Cl)cc1Cl,active,530.4560000000004,5.190380000000005,1.0,8.0,9.0
CHEMBL5435819,COc1cc(Nc2c(C#N)cnc3cc(OCCON4CCN(C)CC4)c(OC)cc23)c(Cl)cc1Cl,active,532.4280000000003,4.731880000000005,1.0,9.0,9.0
CHEMBL1852688,CCN1CCN(c2ccc(Nc3cc(N(C)C(=O)Nc4c(Cl)c(OC)cc(OC)c4Cl)ncn3)cc2)CC1,inactive,560.4860000000001,5.354400000000004,2.0,8.0,5.659159450187668
